0,Armand Enderle
1,Alberto Scarlett
2,Wyatt Ruoff
3,Alfonso Denmark
4,Pearl Straube
5,Vincent Wohlwend
6,Breanne Flick
7,Annette Onken
8,Dorothy Sherk
9,Ina Lecroy
10,Alane Piland
11,Alline Bodiford
12,Nova Imburgia
13,Tomeka Amerson
14,Drusilla Kogan
15,Lloyd Woodruff
16,Connie Smolen
17,Maryetta Palmateer
18,Krystle Trembath
19,Julieta Marts
20,Clelia Hodgins
21,Willie Woodham
22,Aimee Vanderploeg
23,Veronika Luoma
24,Clyde Knell
25,Yvonne Honig
26,Leeanne Sauer
27,Sharita Medellin
28,Antione Nuttall
29,Melonie Helmers
30,Britt Jarrett
31,Geri Bermudes
32,Estela Covington
33,Anneliese Rinaldi
34,Frankie Husted
35,Nelia Kernan
36,Thu Fuentes
37,Candie Olivarria
38,Linnea Pundt
39,Leandro Caudillo
40,Hien Montufar
41,Harley Cano
42,Abbey Bolds
43,Sonia Effler
44,Rita Mcclain
45,Adele Stjean
46,Yasmin Vento
47,Mari Laxson
48,Felisha Godoy
49,Isabelle Pasillas
50,Charles Given
51,Adalberto Donald
52,Yevette Mars
53,Asley Aparicio
54,Daren Max
55,Teena Scudder
56,Claribel Brugh
57,Alec Wheless
58,Isaac Bachman
59,Martha Lustig
60,Elli Stannard
61,Missy Steenberg
62,Luz Grable
63,Judson Dudek
64,Max Bento
65,Hunter Coit
66,Savanna Pohlmann
67,Eulah Agbayani
68,Chelsie Lichtenberger
69,Gertrud Daley
70,Donn Wimberley
71,Crissy Keyes
72,Maudie Edney
73,Detra Bright
74,Sung Stops
75,Lucile Hensler
76,Chuck Casteel
77,Altha Delillo
78,Toshiko Cockrill
79,Aaron Bulow
80,Ralph Situ
81,Domenica Revard
82,Dixie Sweeney
83,Ignacio Snow
84,Lillie Wrona
85,Lisa Dexter
86,Arletta Kepler
87,Kenyetta Barrentine
88,Delia Seabrook
89,Santos Eager
90,Stephnie Soldner
91,Noah Baize
92,Christopher Cano
93,Karla Barbosa
94,Fernande Bergfeld
95,Tam Lo
96,Karissa Emery
97,Judy Prime
98,Berenice Grindstaff
99,Peg Brenes
100,Jessie Fralick
101,Reggie Lightsey
102,Peggie Rady
103,Ivana Markel
104,Marcelene Pinson
105,Florene Greenhill
106,Nicholle Greene
107,Lonna Mckillip
108,Eula Jenny
109,Mauro Theis
110,Helga Mauro
111,Allegra Huntsman
112,Robby Chavera
113,Teena Twining
114,Solange Florence
115,Eldon Jester
116,Gena Soriano
117,Marita Carrington
118,Karlyn Pion
119,Hillary Cave
120,Lieselotte Mckechnie
121,Missy Czerwinski
122,Dusti Naumann
123,Rosalva Fuhr
124,Cammie Zamzow
125,Joesph Valtierra
126,Ladawn Phinney
127,Narcisa Krebbs
128,Ilana Steffan
129,Lorretta Love
130,Tashina Menefee
131,Elvira Guillotte
132,Lorelei Sauseda
133,Melvina Borden
134,Glennis Salzano
135,Dulcie Johansson
136,Luci Poisson
137,Viviana Rosner
138,Thomasine Chappelle
139,Simon Napper
140,Kristofer Comstock
141,Kenia Hellickson
142,Marica Torgersen
143,Goldie Grissett
144,Gertie Cornell
145,Monet Henriques
146,Jonie Asaro
147,Roseline Leroux
148,Racquel Mcfatridge
149,Eda Gathers
150,Audry Matsuo
151,Waneta Stefaniak
152,Bettyann Ruane
153,Jacalyn Hevey
154,Siu Mcnichols
155,Candi Pantano
156,Edris Friddle
157,Ethelene Marine
158,Astrid Hilger
159,Kendrick Fortune
160,Shavon Glass
161,Monica Wadley
162,Aleida Mosely
163,Aida Samora
164,Adella Givan
165,Cindie Purcell
166,Nicolle Cutchin
167,Evelyne Ouzts
168,Drucilla Tezeno
169,Olivia Bracco
170,Nenita Qualls
171,Aliza Ramsay
172,Arlinda Provost
173,Fermina Gero
174,Brent Mcmillin
175,Grady Rakes
176,Lauren Durrah
177,Solomon Lintner
178,Mohammed Briley
179,Venus Silsby
180,Boris Ruddell
181,Delorse Broach
182,Eboni Mallari
183,Sudie Coppinger
184,Latia Swanner
185,Isiah Warburton
186,Rosendo Quattlebaum
187,Leslie Bove
188,Ralph Ault
189,Rosalba Steinke
190,Minna Toupin
191,Rocio Decuir
192,Mercedes Grisby
193,Lucien Nagler
194,Thu Goode
195,Celina Ritz
196,Shenita Delaughter
197,Alline Heim
198,Connie Holtman
199,Adriene Scheetz
200,Rosalba Prall
201,Cathey Rottman
202,Sau Tekulve
203,Ladonna Hunkins
204,Ardis Lindblom
205,Rosemary Platter
206,Assunta Dendy
207,Dean Martins
208,Renee Hauptman
209,Owen Chatmon
210,Roseline Gibb
211,Julia Fontenot
212,Lakeisha Keeling
213,Joline Mattern
214,Thomasena Schueler
215,Raquel Gleason
216,Saran Pickard
217,Martin Plate
218,Michal Bickley
219,Dotty Nickens
220,Waldo Rhames
221,Shani Ruf
222,Chet Cave
223,Willis Accardo
224,Sandi Villanveva
225,Carlyn Fasano
226,Jackson Grasser
227,Cira Sereno
228,Rhonda Bartz
229,Pat Marton
230,Bell Koester
231,Maurita Telfer
232,Rosalee Champney
233,Kala Leavitt
234,Mitsuko Beier
235,Paola Trew
236,Jeramy Spurr
237,Arlinda Cusson
238,Louis Sandoval
239,Amalia Zigler
240,Vennie Bernal
241,Keren Collingsworth
242,Abram Kulp
243,Breana Pasha
244,Tamar Bundy
245,Matilda Linville
246,Sherril Eason
247,Charissa Moreton
248,Rolando Hoehn
249,Mimi Stelle
